Sample ID,Site code,SIV infection,exon2 nt51 allele A,exon2 nt51 allele B,exon2 amino acids 25 and 40 allele A,exon2 amino acids 25 and 40 allele B,exon 3 amino acids 52-55-68 allele A,exon 3 amino acids 52-55-68 allele B
BO01,BO,WB -i,A,A,QQ,QQ,NVT,NVT
BO02,BO,WB -,A,A,QQ,QQ,NVT,NVT
BO04,BO,WB -,A,A,QQ,QQ,NVT,NVT
BO05,BO,WB -,A,A,QQ,QQ,NVT,NVT
BO06,BO,WB -,A,A,QQ,QQ,NVT,NVT
BO07,BO,WB -,A,A,QQ,QQ,NVT,NVT
BO08,BO,WB -,A,A,QQ,QQ,NVT,NVT
BO10,BO,WB -,A,A,QQ,QQ,NVT,NVT
BO12,BO,WB -,A,A,QQ,QQ,NVT,NVT
BO13,BO,WB -,A,A,QQ,QQ,NVT,NVT
BO19,BO,WB -,A,A,QQ,QQ,NVT,NVT
BO22,BO,WB -,A,A,QQ,QQ,NVT,NVT
BO25,BO,WB -,A,A,QQ,QQ,NVT,NVT
BO28,BO,WB -,A,A,QQ,QQ,NVT,NVT
CC01,CC,WB -,A,A,QQ,QQ,NVT,NVT
CC02,CC,WB -,A,A,QQ,QQ,NVT,NVT
CC03,CC,WB -,A,A,QQ,QQ,NVT,NVT
CC04,CC,WB -,A,A,QQ,QQ,NVT,NVT
CC05,CC,WB -,A,A,QQ,QQ,NVT,NVT
CC06,CC,WB -,A,A,QQ,QQ,NVT,NVT
CC07,CC,WB -,A,A,QQ,QQ,NVT,NVT
CC08,CC,WB -,A,A,QQ,QQ,NVT,NVT
CC09,CC,WB -,A,A,QQ,QQ,NVT,NVT
CC10,CC,WB -,A,A,QQ,QQ,NVT,NVT
CC11,CC,WB -,A,A,QQ,QQ,NVT,NVT
CC14,CC,WB -,A,A,QQ,QQ,NVT,NVT
CC17,CC,WB -,A,A,QQ,QQ,NVT,NVT
CC18,CC,WB -,A,A,QQ,QQ,NVT,NVT
CC19,CC,WB -,A,A,QQ,QQ,NVT,NVT
CC20,CC,WB -,A,A,QQ,QQ,NVT,NVT
CC22,CC,WB -,A,A,QQ,QQ,NVT,NVT
CC23,CC,WB -,A,A,QQ,QQ,NVT,NVT
CH01,TA,RT-PCR - j,A,A,QQ,QQ,NVT,NVT
CH03,TA,RT-PCR -,A,A,QQ,QQ,NVT,NVT
CH06,TA,RT-PCR -,A,A,QQ,QQ,NVT,NVT
CH08,TA,RT-PCR -,A,A,QQ,QQ,NVT,NVT
CH09,TA,RT-PCR -,A,A,QQ,QQ,NVT,NVT
CH10,TA,RT-PCR -,A,A,QQ,QQ,NVT,NVT
CH11,TA,RT-PCR -,A,A,QQ,QQ,NVT,NVT
CH16,TA,RT-PCR -,A,A,QQ,QQ,NVT,NVT
CH17,TA,RT-PCR -,A,A,QQ,QQ,NVT,NVT
CH19,TA,RT-PCR -,A,A,QQ,QQ,NVT,NVT
CH26,TA,RT-PCR -,A,A,QQ,QQ,NVT,NVT
CH27,TA,RT-PCR -,A,A,QQ,QQ,NVT,NVT
CH28,TA,RT-PCR -,A,A,QQ,QQ,NVT,NVT
CH29,TA,RT-PCR -,A,A,QQ,QQ,NVT,NVT
CH30,TA,RT-PCR -,A,A,QQ,QQ,NVT,NVT
K1184,BE,n.d. k,A,A,QQ,QQ,NVT,NVT
K1185,BE,n.d.,A,A,QQ,QQ,NVT,NVT
NB110,NB,WB -,A,A,QQ,QQ,NVT,NVT
NB111,NB,WB -,A,A,QQ,QQ,NVT,NVT
NB120,NB,WB -,A,A,QQ,QQ,NVT,NVT
NB131,NB,WB -,A,A,QQ,QQ,NVT,NVT
NB155,NB,WB -,A,A,QQ,QQ,NVT,NVT
NB186,NB,WB -,A,A,QQ,QQ,NVT,NVT
NB198,NB,WB -,A,A,QQ,QQ,NVT,NVT
NB229,NB,WB -,A,A,QQ,QQ,NVT,NVT
NB230,NB,WB -,A,A,QQ,QQ,NVT,NVT
NB235,NB,WB -,A,A,QQ,QQ,NVT,NVT
NB241,NB,WB -,A,A,QQ,QQ,NVT,NVT
GA01,GA,WB -,A,A,QQ,QQ,NVP,NVP
GA04,GA,WB -,A,A,QQ,QQ,KVT,KVT
GA05,GA,WB -,A,A,QQ,QQ,NVP,NVP
GA07,GA,WB -,A,G,QQ,QR,NVP,NIP
GA09,GA,WB -,A,A,QQ,QQ,KVT,KVT
GA11,GA,WB -,A,A,QQ,QQ,KVT,NVP
GA12,GA,WB -,A,A,QQ,QQ,KVT,NVP
GA13,GA,WB -,A,A,QQ,QQ,KVT,NVP
GA18,GA,WB -,A,G,QQ,QQ,NVP,NVP
GA20,GA,WB -,A,A,QQ,QQ,KVT,KVT
GA23,GA,WB -,A,A,QQ,QQ,KVT,NVP
GA25,GA,WB -,A,A,QQ,QQ,KVT,NVP
GA38,GA,WB -,A,A,QQ,QQ,NVP,NVP
GA41,GA,WB -,A,G,QQ,QR,NIP,NVP
GA44,GA,WB -,A,A,QQ,QQ,KVT,KVT
MF1269,MF,WB -,A,A,QQ,QQ,KVT,KVT
MF1271,MF,WB -,A,A,QQ,QQ,NVP,NVP
MF1274,MF,WB -,A,A,QQ,QQ,KVT,NVP
MF1278,MF,WB -,A,A,QQ,QQ,NVP,NVP
MF1289,MF,WB -,A,A,QQ,QQ,NVP,NVP
MF1297,MF,WB -,A,A,QQ,QQ,NVP,NVP
MP1315,MP,WB -,A,A,QQ,QQ,NVP,NVP
MP1345,MP,WB -,A,A,QQ,QQ,KVT,NVP
SY104,SY,WB -,A,A,QQ,QQ,KVT,NVP
SY106,SY,WB -,A,A,QQ,QQ,NVP,NVP
SY011,SY,WB -,A,A,QQ,QQ,KVT,NVP
SY122,SY,WB -,A,A,QQ,QQ,KVT,KVT
SY142,SY,n.d.,A,A,QQ,QQ,KVT,NVP
SY149,SY,WB -,A,G,QQ,QQ,NVP,NIP
SY016,SY,n.d.,A,A,QQ,QQ,KVT,NVP
SY033,SY,WB -,A,A,QQ,QQ,KVT,NVP
SY037,SY,WB -,A,A,QQ,QQ,NVP,NVP
SY038,SY,WB -,A,A,QQ,QQ,KVT,NVP
SY044,SY,n.d.,A,A,QQ,QQ,KVT,NIP
SY085,SY,WB -,A,A,QQ,QQ,NVP,NVP
SY094,SY,n.d.,A,A,QQ,QQ,KVT,NVP
SY096,SY,WB -,A,A,QQ,QQ,KVT,NVP
WE440,WE,WB -,A,A,QQ,QQ,KVT,KVT
WE444,WE,WB -,A,A,QQ,QQ,NVP,NVP
WE452,WE,WB -,A,A,QQ,QQ,NVP,NVP
WE454,WE,WB -,A,A,QQ,QQ,KVT,NVP
GT003,GT,WB -,A,G,QQ,QR,NIP,NVP
GT011,GT,WB -,G,G,QQ,QQ,NVP,NIP
GT013,GT,WB -,A,G,QQ,QR,KVT,NVP
GT016,GT,WB -,A,A,QQ,QQ,KVT,KVP
GT019,GT,WB -,G,G,QQ,QQ,KVT,KVT
GT020,GT,WB -,A,G,QQ,QQ,KVT,NVP
GT022,GT,WB -,A,A,QQ,QQ,KVT,KVT
GT027,GT,WB -,A,G,QQ,QQ,KVT,NVP
GT031,GT,WB -,A,A,QQ,QQ,KVT,KVT
GT036,GT,WB -,G,G,QR,QR,NIP,NIP
GT039,GT,WB -,A,G,QQ,QQ,KVT,KVT
GT040,GT,WB -,A,A,QQ,QQ,KVT,KVT
GT042,GT,WB -,A,A,QQ,QQ,KVT,NIP
GT103,GT,WB -,G,G,QQ,QQ,NVP,NVP
GT109,GT,WB -,A,G,QQ,QQ,NVP,NIP
GT112,GT,WB -,A,A,QQ,QQ,NIP,NIP
GT115,GT,WB -,G,G,QR,QR,NIP,NIP
GT118,GT,WB -,G,G,QR,QR,NIP,NIP
GT126,GT,WB -,A,G,QQ,QQ,KVT,NVP
GT134,GT,WB -,A,A,QQ,QQ,KVT,KVT
GT137,GT,WB -,A,A,QQ,QQ,KVT,KVT
GT138,GT,WB -,A,G,QQ,QQ,KVT,NVP
GT139,GT,WB -,A,A,QQ,QQ,KVT,NIP
GT142,GT,WB -,A,A,QQ,QQ,KVT,NVP
GT143,GT,WB -,A,G,QQ,QQ,KVT,NVP
GT144,GT,WB -,A,A,QQ,QQ,KVT,NIP
GT146,GT,WB -,A,A,QQ,QQ,NIP,NVP
GT148,GT,WB -,A,A,QQ,QQ,KVT,NVP
GT151,GT,WB -,A,A,QQ,QQ,KVT,NVP
GT156,GT,WB -,A,G,QQ,QQ,NVP,NVP
GT161,GT,WB -,A,A,QQ,QQ,KVT,KVT
GT169,GT,WB -,A,G,QQ,QQ,NVP,NIP
GT170,GT,WB -,A,A,QQ,QQ,NVP,NIP
GT172,GT,WB -,A,G,QQ,QQ,KVT,KVT
GT201,GT,WB -,A,A,QQ,QQ,KVT,NIP
GT202,GT,WB -,A,A,QQ,QQ,KVT,NVP
GT203,GT,WB -,A,A,QQ,QQ,KVT,NVP
GT209,GT,WB -,A,G,QQ,QQ,KVT,KVT
GT218,GT,WB -,G,G,QQ,QQ,KVT,NVP
GT303,GT,WB -,A,G,QQ,QQ,KVT,KVT
GT310,GT,WB -,G,G,QR,QR,NIP,NIP
GT316,GT,WB -,A,A,QQ,QQ,NVP,NIP
GT320,GT,WB -,A,A,QQ,QQ,KVT,KVT
GT405,GT,WB -,A,G,QQ,QQ,KVT,KVT
GT505,GT,WB -,A,A,QQ,QQ,KVT,NVP
GT512,GT,WB -,A,G,QQ,QQ,NVP,NIP
GT603,GT,WB -,A,A,QQ,QQ,KVT,NVP
GT606,GT,WB -,A,G,QQ,QQ,KVT,NVP
GT608,GT,WB -,A,G,QQ,QQ,KVT,NIP
GT615,GT,WB -,A,G,QQ,QR,KVT,NVP
GT617,GT,WB -,A,G,QQ,QQ,NVT,NVP
GT702,GT,WB -,A,G,QQ,QQ,KVT,NVP
GT704,GT,WB -,A,G,QQ,QR,KVT,NIP
GT707,GT,WB -,A,A,QQ,QQ,KVT,NVP
GT708,GT,WB -,A,G,QQ,QQ,KVT,NIP
EK501,EK,WB -,A,G,QQ,QR,NIP,NVP
EK502,EK,WB +,A,G,QQ,QR,KVT,NIP
EK505,EK,WB +,A,G,QQ,QR,KVT,NVP
EK509,EK,WB -,A,A,QQ,QQ,KVT,NIP
EK522,EK,WB -,A,A,QQ,QQ,KVT,KVT
ME2515,ME,WB -,A,G,QQ,QQ,KVT,NVP
ME2516,ME,WB -,G,G,QR,QR,KVT,KVT
ME2519,ME,WB -,A,A,QQ,QQ,KVT,NVP
ME2520,ME,WB -,A,A,QQ,QQ,KVT,NVP
ME2524,ME,WB -,G,G,QR,QR,KVT,NVP
ME2526,ME,WB -,A,A,QQ,QQ,KVT,NVP
ME2532,ME,WB -,A,A,QQ,QQ,KVT,NVP
ME2535,ME,WB -,A,A,QQ,QQ,NVP,NVP
ME2536,ME,WB -,A,A,QQ,QQ,KVT,NVP
DP003,DP,WB -,A,A,QQ,QQ,KVT,NIP
DP018,DP,WB -,A,G,QQ,QR,KVT,NVP
DP022,DP,WB +,A,G,QQ,QR,KVT,NVP
DP024,DP,WB -,A,A,QQ,QQ,KVT,NIP
DP069,DP,WB -,A,G,QQ,QQ,KVT,NIP
DP098,DP,WB -,A,G,QQ,QR,KVT,KVT
DP943,DP,WB +,G,G,QR,QR,NVP,KVT
MT145,MT,WB +,A,G,QQ,QR,NVP,NIP
TC01,TC,WB -,A,A,QQ,QQ,NIP,NIP
TC02,TC,WB -,A,G,QQ,QQ,NIP,NIP
TC03,TC,WB -,A,G,QQ,QQ,NIP,NIP
TC04,TC,WB -,A,G,QQ,QQ,KVT,NIP
TC05,TC,WB -,A,G,QQ,QR,KVT,KVT
TC06,TC,WB -,A,G,QQ,QR,KVT,NIP
TC08,TC,WB -,A,G,QQ,QQ,NVP,NIP
TC09,TC,WB -,A,A,QQ,QQ,NVP,NIP
TC12,TC,WB -,A,G,QQ,QQ,NVP,NVP
TC13,TC,WB -,A,G,QQ,QQ,NVT,NVP
TC14,TC,WB -,A,G,QQ,QQ,NIP,NIP
TC15,TC,WB -,A,A,QQ,QQ,NVP,NIP
TC17,TC,WB -,A,G,QQ,QQ,NVP,NIP
TC19,TC,WB -,A,G,QQ,QQ,NVP,NIP
TC20,TC,WB -,A,G,QQ,QQ,NVP,NIP
TC21,TC,WB -,A,A,QQ,QQ,NVP,NIP
TC22,TC,WB -,A,A,QQ,QQ,KVT,NIP
TC23,TC,WB -,A,A,QQ,QQ,NIP,NIP
TC24,TC,WB -,A,G,QQ,QQ,NVP,NIP
TC25,TC,WB -,A,G,QQ,QQ,KVT,NIP
SY067,SY,WB -,A,G,QQ,QR,KVT,NIP
SY134,SY,WB -,A,A,QQ,QQ,KVT,KVT
SY002,SY,WB -,A,A,QQ,QQ,KVT,NIP
SY109,SY,WB -,A,A,QQ,QQ,NVP,NIP
SY010,SY,WB -,A,A,QQ,QQ,NVP,NVP
SY071,SY,WB -,A,G,QQ,QR,NVP,NIP
SY111,SY,WB -,A,G,QQ,QR,NVP,NIP
SY072,SY,WB -,A,G,QQ,QQ,KVT,NIP
SY145,SY,WB -,A,A,QQ,QQ,KVT,NIP
SY051,SY,WB -,A,A,QQ,QQ,KVT,NIP
SY027,SY,WB -,A,A,QQ,QQ,KVT,NVP
SY012,SY,WB -,A,G,QQ,QR,KVT,NIP
SY146,SY,WB -,A,G,QQ,QR,NVP,NVP
SY028,SY,WB -,A,A,QQ,QQ,KVT,KVT
SY029,SY,WB -,A,A,QQ,QQ,KVT,NIP
SY076,SY,WB -,A,A,QQ,QQ,NVP,NIP
SY112,SY,WB -,A,A,QQ,QQ,KVT,KVT
SY078,SY,WB -,A,A,QQ,QQ,NVP,NIP
SY138,SY,WB -,A,A,QQ,QQ,KVT,NVP
SY113,SY,WB -,A,G,QQ,QQ,NVP,NVP
SY042,SY,WB -,A,A,QQ,QQ,NVP,NIP
SY054,SY,WB -,A,G,QQ,QR,KVT,NVP
SY139,SY,WB -,A,G,QQ,QQ,NVP,NVP
SY043,SY,WB -,A,G,QQ,QQ,KVT,NIP
SY055,SY,WB -,A,G,QQ,QR,KVT,NIP
SY086,SY,WB -,A,G,QQ,QR,NVP,NVP
SY018,SY,WB -,A,A,QQ,QQ,KVT,NIP
SY129,SY,WB -,A,A,QQ,QQ,NVP,NVP
SY020,SY,WB -,A,A,QQ,QQ,KVT,NVP
SY021,SY,WB -,A,A,QQ,QR,NVP,NVP
SY045,SY,WB -,A,G,QQ,QQ,NVP,NVP
SY035,SY,WB -,A,G,QQ,QQ,NVP,NVP
SY119,SY,WB -,A,G,QQ,QQ,NIP,NIP
SY006,SY,WB -,A,A,QQ,QQ,KVT,KVT
SY120,SY,WB -,A,G,QQ,QQ,KVT,NIP
SY024,SY,WB -,A,G,QQ,QQ,NVP,NIP
SY025,SY,WB -,A,G,QQ,QQ,NVP,NVP
SY047,SY,WB -,A,A,QQ,QR,NVP,NIP
SY100,SY,WB -,A,G,QQ,QR,KVT,NIP
SY060,SY,WB -,A,A,QQ,QQ,NVP,NIP
SY125,SY,WB -,A,A,QQ,QQ,KVT,NVP
SY148,SY,WB -,A,A,QQ,QR,NVP,NVP
SY102,SY,WB -,A,G,QQ,QR,KVT,NIP
SY126,SY,WB -,A,G,QQ,QR,NVP,NVP
SY103,SY,WB -,A,G,QQ,QQ,NVP,NVP
SY130,SY,WB -,A,A,QQ,QR,KVT,NVP
SY008,SY,WB -,A,A,QQ,QQ,NVP,NIP
LP04,LP,RT-PCR -,A,A,QQ,QQ,NIP,NIP
LP08,LP,RT-PCR -,A,A,QQ,QQ,NIP,NIP
LP11,LP,RT-PCR -,A,A,QQ,QQ,NIP,NVP
LP12,LP,RT-PCR -,A,A,QQ,QQ,NIP,NVP
LP14,LP,RT-PCR -,A,A,QQ,QQ,NIP,NVP
LP28,LP,RT-PCR -,A,G,QQ,QR,NIP,NVP
BB100,BB,WB -,A,A,QQ,QQ,KVT,KVT
BB234,BB,WB -,A,G,QQ,QR,NIP,NIP
BM1034,BM,WB +,A,G,QQ,QR,KVT,NVP
BQ391,BQ,WB -,A,G,QQ,QR,NIP,NVP
BQ394,BQ,WB -,A,G,QQ,QR,KVT,NVP
BQ475,BQ,WB -,A,A,QQ,QQ,KVT,KVT
BQ493,BQ,WB -,A,G,QQ,QR,KVT,NVP
BY4890,BY,WB -,A,A,QQ,QQ,KVT,NVP
CP1973,CP,WB +,G,G,QR,QR,NVP,NIP
CP470,CP,WB -,A,A,QQ,QQ,KVT,NVP
DD58,DD,WB -,A,A,QQ,QQ,KVT,KVT
DG529,DG,WB -,A,A,QQ,QQ,KVT,NIP
DG530,DG,WB -,A,A,QQ,QQ,KVT,NIP
DG548,DG,WB -,A,A,QQ,QQ,KVT,NIP
LO36,LO,WB -,G,G,QQ,QQ,NIP,NIP
LO37,LO,WB -,A,A,QQ,QQ,NIP,NIP
LO49,LO,WB -,A,A,QQ,QQ,NIP,NIP
LO50,LO,WB -,A,G,QQ,QR,NIP,NIP
LO51,LO,WB -,A,A,QQ,QQ,NIP,NIP
LO64,LO,WB -,G,G,QQ,QQ,NIP,NIP
MT115,MT,WB +,A,A,QQ,QQ,KVT,NVP
MT333,MT,WB -,A,A,QQ,QQ,KVT,NVP
MT359,MT,WB -,A,A,QQ,QQ,NVP,NVP
MT437,MT,WB -,A,G,QQ,QR,NVP,NIP
ND3100,ND,WB -,A,G,QQ,QQ,KVT,NIP
SL994,SL,WB -,A,A,QQ,QQ,KVT,NIP
CR0023,LB,WB +,A,A,QQ,QQ,KVT,NIP
CR0714,LB,WB +,A,A,QQ,QQ,NVP,NVP
CR0715,LB,WB +,A,G,QQ,QR,NVP,NVP
CR0720,LB,WB -,A,G,QQ,QR,KVT,NVP
CR0724,LB,WB -,A,A,QQ,QQ,KVT,NVP
CR0726,LB,WB -,A,A,QQ,QQ,KVT,NIP
CR0728,LB,WB -,A,G,QQ,QR,KVT,NVP
CR0730,LB,WB +,A,G,QQ,QQ,NVT,NVP
CR0731,LB,WB -,A,A,QQ,QQ,NIP,NVP
CR0734,LB,WB -,A,A,QQ,QQ,NVT,NVP
CR0752,MB,WB +,A,G,QQ,QR,KVT,NIP
CR0754,MB,WB -,A,G,QQ,QQ,KVT,NIP
CR0762,MB,WB -,A,G,QQ,QQ,KVT,NIP
CR0763,MB,WB -,A,G,QQ,QR,KVT,NVP
CR0765,MB,WB -,A,A,QQ,QQ,KVT,NVP
CR0767,MB,WB -,A,A,QQ,QQ,NVP,NIP
CR0768,MB,WB -,A,G,QQ,QR,KVT,NVP
CR0773,MB,WB +,A,G,QQ,QQ,NVP,NVP
CR0775,MB,WB +,A,A,QQ,QQ,NIP,NIP
CR0776,MB,WB +,A,A,QQ,QQ,KVT,NIP
CR0777,MB,WB -,A,A,QQ,QQ,KVT,KVT
CR0782,MB,WB -,A,A,QQ,QQ,NIP,NIP
CR0791,MB,WB +,A,A,QQ,QQ,NIP,NIP
CR0792,MB,WB -,A,A,QQ,QQ,NVP,NVP
CR0801,MB,WB +,A,A,QQ,QQ,NVP,NVP
CR0803,MB,WB +,A,A,QQ,QQ,KVT,NIP
CR0807,MB,WB -,A,G,QQ,QR,KVT,NIP
CR0812,MB,WB -,A,A,QQ,QQ,KVT,KVT
CR2330,MB,WB -,A,A,QQ,QQ,KVT,KVT
CR2334,MB,WB +,A,A,QQ,QQ,KVT,NIP
CR2339,MB,WB -,A,A,QQ,QQ,NVP,NIP
CR2340,MB,WB +,A,A,QQ,QQ,KVT,NIP
CR5133,MB,WB -,A,G,QQ,QR,KVT,NIP
CR5136,MB,WB +,A,A,QQ,QQ,NVP,NIP
CR5137,MB,WB +,A,G,QQ,QQ,NVP,NIP
CR5139,MB,WB -,G,G,QQ,QR,NIP,NIP
CR5143,MB,WB -,A,A,QQ,QQ,KVT,NIP
CR5144,MB,WB -,A,A,QQ,QQ,KVT,NIP
CR5145,MB,WB +,A,G,QQ,QQ,NVP,NIP
CR5147,MB,WB -,A,G,QQ,QQ,KVT,NIP
CR5156,MB,WB +,A,A,QQ,QQ,NIP,NIP
CR5157,MB,WB -,A,A,QQ,QQ,KVT,KVP
CR5159,MB,WB +,A,A,QQ,QQ,NVT,NIP
CR5160,MB,WB -,A,A,QQ,QQ,KVT,NIP
CR5163,MB,WB -,A,A,QQ,QQ,NIP,NIP
CR5170,MB,WB -,A,A,QQ,QQ,KVT,KVT
CR6232,MB,WB +,A,G,QQ,QQ,NVP,NIP
CR6238,MB,WB -,A,A,QQ,QQ,KVT,NVT
CR6243,MB,WB -,A,G,QQ,QR,NIP,KVT
CR6414,MB,WB +,A,A,QQ,QQ,NIP,NIP
LB0007,LB,WB +,A,A,QQ,QQ,KVT,KVT
LB0174,LB,WB -,A,G,QQ,QR,KVT,KVT
LB0208,LB,WB -,A,G,QQ,QR,NVT,NVP
LB0307,LB,WB -,A,A,QQ,QQ,KVT,NIP
LB0309,LB,WB -,A,G,QQ,QQ,KVT,NVP
LB0313,LB,WB -,A,G,QQ,QR,KVT,NVP
MB066,MB,WB +,A,A,QQ,QQ,KVT,NIP
MB097,MB,WB -,A,G,QQ,QQ,KVT,NIP
MB138,MB,WB -,A,G,QQ,QQ,KVT,NVP
MB190,MB,WB -,A,A,QQ,QQ,NIP,NIP
MB191,MB,WB +,A,A,QQ,QQ,NIP,NIP
MB246,MB,WB -,A,G,QQ,QR,NVP,NIP
MB316,MB,WB -,G,G,QQ,QQ,KVT,NVP
MB318,MB,WB -,A,G,QQ,QR,NVP,NIP
MB320,MB,WB -,A,A,QQ,QQ,KVT,NVP
MB323,MB,WB -,A,A,QQ,QQ,KVT,NVP
MB749,MB,WB +,A,G,QQ,QQ,KVT,NIP
MB771,MB,WB +,A,G,QQ,QQ,NVP,NIP
MB790,MB,WB +,A,A,QQ,QQ,KVT,NIP
MB897,MB,WB +,A,A,QQ,QQ,KVT,NIP
GM3861,GM,WB -,G,G,QQ,QQ,NVP,NVP
GM2673,GM,WB -,A,G,QQ,QQ,NVP,NVP
GM0218,GM,WB -,A,G,QQ,QQ,NVP,NVP
GM3001,GM,WB -,A,G,QQ,QQ,NVP,NVP
GM3974,GM,WB -,A,A,QQ,RQ,NVP,NVP
GM2142,GM,WB -,A,G,QQ,QQ,NVP,NVP
GM3973,GM,WB -,A,A,QQ,QQ,NVP,NVP
GM0005,GM,WB -,A,A,QQ,QQ,NVP,NVP
GM4515,GM,WB -,A,A,QQ,RQ,NVP,NVP
GM1164,GM,WB -,A,A,QQ,QQ,NVP,NVP
GM0239,GM,WB +,A,A,QQ,QQ,NVP,NVP
GM0251,GM,WB -,A,G,QQ,QQ,NVP,NVP
GM0244,GM,WB +,A,G,QQ,QQ,NVP,NVP
GM0241,GM,WB -,A,G,QQ,QQ,NVP,NVP
GM0302,GM,WB -,A,G,QQ,QQ,NVP,NIP
GM0247,GM,WB -,A,G,QQ,QQ,NVP,NVP
GM0364,GM,WB +,A,G,QQ,QQ,NVP,NVP
GM0271,GM,WB -,G,G,QQ,QQ,NVP,NVP
GM1542,GM,WB +,A,A,QQ,QQ,NVP,NVP
GM0889,GM,WB +,A,G,QQ,QQ,NVP,NVP
GM1705,GM,WB -,A,G,QQ,QQ,NIP,NVP
GM0566,GM,WB -,A,A,QQ,QQ,NVP,NVP
GM3806,GM,WB +,A,G,QQ,QQ,NVP,NVP
GM1212,GM,WB -,A,A,QQ,QQ,NVP,NVP
GM1720,GM,WB -,A,G,QQ,QQ,NVP,NVP
GM3096,GM,WB -,A,G,QQ,QQ,NVP,NVP
GM4794,GM,WB -,A,G,QQ,QQ,NVP,NVP
GM3807,GM,WB -,A,G,QQ,QQ,NVP,NVP
GM0486,GM,WB -,A,A,QQ,QQ,NVP,NVP
GM0715,GM,WB +,A,G,QQ,QQ,NVP,NVP
GM3348,GM,WB -,A,G,QQ,QQ,NVP,NVP
GM3884,GM,WB -,A,A,QQ,QQ,NVP,NVP
GM3996,GM,WB -,A,G,QQ,QQ,NVP,NVP
GM3401,GM,WB +,A,A,QQ,QQ,NVP,NVP
GM1410,GM,WB -,A,G,QQ,QQ,NVP,NVP
GM4649,GM,WB -,A,A,QQ,QQ,NVP,NVP
GM2906,GM,WB -,A,A,QQ,RQ,NVP,NVP
GM3920,GM,WB -,A,A,RQ,RQ,NVP,NVP
GM3993,GM,WB +,A,G,QQ,QQ,NVP,NVP
GM3224,GM,WB -,A,G,QQ,QQ,NVP,NVP
GM4742,GM,WB -,A,A,QQ,RQ,NVP,NVP
GM0021,GM,WB -,A,A,QQ,RQ,NVP,NVP
GM3816,GM,WB -,A,G,QQ,RQ,NVP,NVP
GM4784,GM,WB -,A,A,QQ,RQ,NVP,NVP
GM3223,GM,WB -,A,A,QQ,RQ,NVP,NVP
GM4475,GM,WB -,A,G,QQ,QQ,NVP,NVP
GM3380,GM,WB -,A,G,QQ,QQ,NVP,NVP
GM3098,GM,WB -,A,A,QQ,QQ,NVP,NVP
GM3052,GM,WB -,A,A,QQ,RQ,NVP,NVP
GM3280,GM,WB -,A,G,RQ,QQ,NVP,NVP
GM4862,GM,WB -,A,G,RQ,QQ,NVP,NVP
GM3836,GM,WB -,G,G,QQ,QQ,NVP,NVP
GM0981,GM,WB +,A,A,QQ,RQ,NVP,NVP
GM4102,GM,WB +,A,G,RQ,QQ,NVP,NVP
GM2919,GM,WB -,A,A,RQ,RQ,NVP,NVP
GM3171,GM,WB -,A,A,QQ,RQ,NVP,NVP
GM0016,GM,WB -,A,A,QQ,RQ,NVP,NVP
GM3402,GM,WB -,A,G,QQ,QQ,NVP,NVP
GM2376,GM,WB -,G,G,QQ,QQ,NVP,NVP
GM3746,GM,WB -,A,G,QQ,RQ,NVP,NVP
GM4775,GM,WB -,A,G,RQ,QQ,NVP,NVP
GM0240,GM,WB +,A,G,QQ,QQ,NVP,NVP
GM1464,GM,WB +,A,G,QQ,QQ,NVP,NVP
GM1827,GM,WB -,A,G,QQ,QQ,NVP,NVP
GM3978,GM,WB +,A,G,QQ,QQ,NVP,NVP
GM3879,GM,WB +,A,A,QQ,QQ,NVP,NVP
GM3064,GM,WB -,A,A,QQ,QQ,NVP,NVP
GM3090,GM,WB -,A,G,QQ,QQ,NVP,NVP
GM3982,GM,WB +,G,G,QQ,QQ,NVP,NVP
GM4534,GM,WB -,A,G,QQ,QQ,NVP,NVP
GM4816,GM,WB -,A,G,QQ,QQ,NVP,NVP
GM3071,GM,WB -,A,A,QQ,QQ,NVP,NVP
GM3000,GM,WB -,A,A,QQ,QQ,NVP,NVP
GM4195,GM,WB -,A,A,QQ,QQ,NVP,NVP
GM4558,GM,WB -,A,A,QQ,QQ,NVP,NVP
GM1443,GM,WB -,A,G,QQ,QQ,NVP,NVP
GM4517,GM,WB -,A,A,QQ,QQ,NVP,NVP
GM4849,GM,WB -,A,G,QQ,QQ,NVP,NIP
GM3165,GM,WB -,A,G,QQ,QQ,NVP,NVP
GM3961,GM,WB -,A,G,QQ,QQ,NVP,NVP
GM2540,GM,WB -,A,A,QQ,QQ,NVP,NVP
GM2394,GM,WB -,A,G,QQ,QQ,NVP,NVP
GM0661,GM,WB +,A,A,QQ,QQ,NVP,NVP
GM2736,GM,WB +,A,A,QQ,QQ,NVP,NVP
GM4835,GM,WB -,G,G,QQ,QQ,NVP,NVP
GM4836,GM,WB -,G,G,QQ,QQ,NVP,NVP
GM4861,GM,WB +,G,G,QQ,QQ,NVP,NVP
GM3785,GM,WB -,G,G,QQ,QQ,NVP,NVP
GM4109,GM,WB -,A,G,RQ,QQ,NVP,NVP
GM4180,GM,WB -,A,G,QQ,QQ,NVP,NVP
GM4143,GM,WB -,G,G,QQ,QQ,NVP,NVP
GM3953,GM,WB +,G,G,QQ,QQ,NVP,NVP
GM1532,GM,WB +,G,G,QQ,QQ,NVP,NVP
GM0667,GM,WB -,A,G,QQ,QQ,NVP,NVP
GM3824,GM,WB -,A,G,QQ,QQ,NVP,NVP
GM3955,GM,WB +,A,G,QQ,QQ,NVP,NVP
GM3453,GM,WB +,A,G,QQ,QQ,NVP,NVP
GM1891,GM,WB -,G,G,QQ,QQ,NVP,NVP
GM3097,GM,WB -,A,A,QQ,QQ,NVP,NVP
GM4113,GM,WB -,A,G,RQ,QQ,NVP,NVP
GM1703,GM,WB -,A,G,QQ,QQ,NVP,NVP
GM4674,GM,WB -,G,G,QQ,QQ,NVP,NVP
GM0121,GM,WB -,A,G,QQ,QQ,NVP,NVP
GM4071,GM,WB -,A,G,RQ,QQ,NVP,NVP
GM4118,GM,WB -,A,G,QQ,QQ,NVP,NVP
GM3452,GM,WB -,A,A,QQ,RQ,NVP,NVP
GM4795,GM,WB -,A,A,QQ,QQ,NVP,NVP
GM0337,GM,WB +,A,A,QQ,QQ,NVP,NIP
GM1763,GM,WB -,A,G,QQ,QQ,NVP,NVP
GM4206,GM,WB -,A,G,QQ,QQ,NVP,NVP
GM4004,GM,WB -,A,G,QQ,QQ,NVP,NVP
GM4485,GM,WB -,G,G,QQ,QQ,NVP,NVP
GM3705,GM,WB -,A,G,RQ,QQ,NVP,NVP
GM1909,GM,WB -,A,A,QQ,RQ,NVP,NVP
GM1320,GM,WB +,A,A,QQ,QQ,NVP,NVP
GM4522,GM,WB -,A,G,QQ,QQ,NVP,NVP
GM4247,GM,WB -,A,A,QQ,QQ,NVP,NVP
GM1939,GM,WB -,G,G,QQ,QQ,NVP,NVP
GM0226,GM,WB -,G,G,QQ,QQ,NVP,NVP
GM0700,GM,WB +,A,G,QQ,QQ,NVP,NVP
GM0703,GM,WB +,A,A,QQ,QQ,NVP,NVP
GM4001,GM,WB -,A,A,QQ,QQ,NVP,NVP
GM3390,GM,WB -,A,G,QQ,QQ,NVP,NVP
GM3016,GM,WB -,A,G,QQ,QQ,NVP,NVP
GM0168,GM,WB +,A,G,QQ,QQ,NVP,NVP
GM3046,GM,WB -,A,A,QQ,QQ,NVP,NVP
GM3333,GM,WB +,A,A,QQ,QQ,NVP,NVP
GM3049,GM,WB -,A,A,QQ,RQ,NVP,NVP
KSG0305,AM,WB +,A,G,QQ,QQ,NVP,NVP
KSG1561,AN,WB -,A,G,QQ,QQ,KVT,NVP
KSG1570,AN,WB -,A,G,QQ,QQ,KVT,NVT
KSG0432,BA,WB +,G,G,QQ,QQ,NVP,NVP
KSG0807,BA,WB +,G,G,QQ,QQ,NVP,NVP
KSG1216,BA,WB -,G,G,QQ,QQ,NVP,NVP
KSG1284,BA,WB -,G,G,QQ,QQ,NVP,NVP
KSG1290,BA,WB +,G,G,QQ,QQ,NVP,NVP
KSG2095,BA,WB -,A,G,QQ,QQ,NVP,NVP
KSG2518,BA,WB -,G,G,QQ,QQ,NVP,NVP
KSG2858,BA,WB -,A,G,QQ,QQ,NVP,NVP
KSG2160,BF,WB -,A,G,QQ,QQ,NIP,NVP
KSG2415,BI,WB -,A,G,QQ,QQ,NIP,NVP
KSG2423,BI,WB -,G,G,QQ,QQ,NVP,NVP
KSG1787,BL,WB -,G,G,QQ,QQ,NIP,NVP
KSG1816,BL,WB -,A,G,QQ,QQ,NVP,NVP
KSG1822,BL,WB -,A,G,QQ,QQ,KVT,NVP
KSG1622,BM,WB -,G,G,QQ,QQ,NVP,NVP
KSG1754,BM,WB -,A,G,QQ,QQ,NIP,NVP
KSG2982,BR,WB -,G,G,QQ,QQ,NVP,NIP
KSG1158,BT,WB -,A,G,QQ,QQ,NVP,NVP
KSG1617,DL,WB -,A,G,QQ,QQ,KVT,NVP
KSG0482,EP,WB +,A,G,QQ,QQ,KVT,NVP
KSG1892,EP,WB -,A,G,QQ,QQ,NVP,NVP
KSG0385,KA,WB +,A,G,QQ,QQ,NVP,NVP
KSG0869,KA,WB +,G,G,QQ,QQ,NVP,NVP
KSG1423,KA,WB +,G,G,QQ,QQ,NVP,NVP
KSG1683,KA,WB -,G,G,QQ,QQ,NVP,NVP
KSG2204,KA,WB -,A,G,QQ,QQ,NVT,NVP
KSG2213,KA,WB -,G,G,QQ,QQ,NVP,NVP
KSG1512,KE,WB -,G,G,QQ,QQ,NVP,NVP
KSG2727,KO,WB -,G,G,QQ,QQ,NVP,NVP
KSG2732,KO,WB -,A,G,QQ,QQ,NVP,NVP
KSG0378,KS,WB +,A,G,QQ,QQ,NVP,NVP
KSG1921,LU,WB -,G,G,QQ,QQ,NIP,NVP
KSG2066,LU,WB -,A,G,QQ,QQ,NVP,NVP
KSG2072,LU,WB -,G,G,QQ,QQ,NVP,NVP
KSG2083,LU,WB -,G,G,QQ,QQ,NIP,NVP
KSG2125,MO,WB -,G,G,QQ,QQ,NVP,NVP
KSG2131,MO,WB -,G,G,QQ,QQ,NVP,NVP
KSG0409,MU,WB +,A,G,QQ,QQ,NVP,NVP
KSG1637,MU,WB -,A,G,QQ,QQ,KVT,NVP
KSG1340,ON,WB -,A,G,QQ,QQ,NVP,NVP
KSG2151,OP,WB -,G,G,QQ,QQ,NIP,NVP
KSG0341,PA,WB -,G,G,QQ,QQ,NIP,NIP
KSG0584,PA,WB +,A,A,QQ,QQ,NVP,NVP
KSG1046,PA,WB +,A,G,QQ,QQ,NVP,NVP
KSG1592,PA,WB +,G,G,QQ,QQ,NVP,NVP
KSG0437,UB,WB +,G,G,QQ,QQ,NVP,NVP
KSG1451,UB,WB -,G,G,QQ,QQ,NVP,NVP
KSG1456,UB,WB +,G,G,QQ,QQ,NVP,NVP
KSG2045,UB,WB -,G,G,QQ,QQ,NVP,NVP
KSG0541,WA,WB +,A,G,QQ,QQ,NVP,NVP
KSG0551,WA,WB +,A,G,QQ,QQ,NVP,NIP
KSG0417,WB,WB -,A,G,QQ,QQ,NVP,NVP
KSG0710,WB,WB +,A,G,QQ,QQ,NVP,NVP
KSG2833,WK,WB -,G,G,QQ,QQ,NIP,NVP
TZ220,UG,WB -,A,G,QQ,QQ,NVP,NVP
TZ259,UG,WB -,A,A,QQ,QQ,NVP,NIP
TZ260,UG,WB -,G,G,QQ,QQ,NVP,NVP
TZ263,UG,WB +,G,G,QQ,QQ,NVP,NVP
TZ264,UG,WB -,G,G,QQ,QQ,NVP,NVP
TZ271,UG,WB +,A,G,QQ,QQ,NVP,NVP
TZ320,UG,WB -,A,G,QQ,QQ,NVP,NVP
TZ037,UG,WB +,A,A,QQ,QQ,NVP,NVP
TZ060,UG,WB +,A,A,QQ,QQ,NVP,NVP
TZ096,UG,WB -,A,G,QQ,QQ,NVP,NVP
TZ038,UG,WB +,A,A,QQ,QQ,NVP,NVP
KSG1167,BF,WB +,G,G,QQ,QQ,NVP,NVP
